R"(
INSERT INTO JURISDICTION (STATE, COUNTY, CITY, ADDITIONAL) VALUES
('Texas',			'Smith County',			'Tyler',			''),
('Texas',			'Hunt County',			'Greenville',		''),
('Alabama',			'Cullman County',		'Cullman',			''),
('Alabama',			'Baldwin County',		'Fairhope',			''),
('Georgia',			'Forsyth County',		'Cumming',			''),
('Georgia',			'Paulding County',		'Dallas',			''),
('Kentucky',		'Laurel County',		'London',			''),
('Kentucky',		'Pulaski County',		'Somerset',			''),
('Oklahoma',		'Cleveland County',		'Norman',			''),
('Oklahoma',		'Rogers County',		'Claremore',		''),
('Florida',			'Baker County',			'Macclenny',		''),
('Florida',			'Santa Rosa County',	'Milton',			''),
('Tennessee',		'Blount County',		'Maryville',		''),
('Tennessee',		'Greene County',		'Greeneville',		''),
('Missouri',		'Butler County',		'Poplar Bluff',		''),
('Missouri',		'Franklin County',		'Union',			''),
('South Carolina',	'Pickens County',		'Pickens',			''),
('South Carolina',	'Horry County',			'Conway',			''),
('North Carolina',	'Johnston County',		'Smithfield',		''),
('North Carolina',	'Randolph County',		'Asheboro',			''),
('Ohio',			'Scioto County',		'Portsmouth',		''),
('Ohio',			'Knox County',			'Mount Vernon',		''),
('Indiana',			'Elkhart County',		'Elkhart',			''),
('Indiana',			'Rush County',  		'Rushville',		''),
('Indiana',			'Daviess County',		'Washington',		''),
('West Virginia',	'Raleigh County',		'Beckley',			''),
('West Virginia',	'Boone County',			'Madison',			''),
('Arkansas',		'Faulkner County',		'Conway',			''),
('Arkansas',		'White County',			'Searcy',			''),
('Iowa',			'Sioux County',			'Orange City',		''),
('Iowa',			'Lyon County',			'Rock Rapids',		''),
('Kansas',			'Butler County',		'El Dorado',		''),
('Kansas',			'Sumner County',		'Wellington',		''),
('Nebraska',		'Platte County',		'Columbus',			''),
('Nebraska',		'Madison County',		'Norfolk',			''),
('Montana',			'Gallatin County',		'Bozeman',			''),
('Montana',			'Flathead County',		'Kalispell',		''),
('Wyoming',			'Campbell County',		'Gillette',			''),
('Wyoming',			'Natrona County',		'Casper',			''),
('Idaho',			'Kootenai County',		'Coeur dAlene',		''),
('Idaho',			'Canyon County',		'Caldwell',			''),
('North Dakota',	'Cass County',			'Fargo',			''),
('North Dakota',	'Ward County',			'Minot',			''),
('South Dakota',	'Pennington County',	'Rapid City',		''),
('South Dakota',	'Lincoln County',		'Canton',			''),
('Utah',			'Washington County',	'St. George',		''),
('Utah',			'Cache County',			'Logan',			''),
('Mississippi',		'DeSoto County',		'Hernando',			''),
('Mississippi',		'Lafayette County',		'Oxford',			''),
('Louisiana',		'St. Tammany Parish',	'Covington',		''),
('Louisiana',		'Lincoln Parish',		'Ruston',			'');

SELECT * FROM JURISDICTION;

INSERT INTO LOCATION (ADDR_LINE_1, ADDR_LINE_2, STATE, CITY, ZIP_CODE) VALUES
('123 Farmhouse Rd', 'Apt 2B', 'Texas', 'Lubbock', '79401'),
('456 Ranch Blvd', 'Suite 300', 'Kentucky', 'Bowling Green', '42101'),
('789 Country Lane',  '', 'Tennessee', 'Franklin', '37064'),
('234 Prairie Ave', 'Unit 5', 'Kansas', 'Wichita', '67202'),
('567 Barn St',  '', 'Nebraska', 'Omaha', '68102'),
('890 Field Dr', 'PO Box 123', 'South Dakota', 'Sioux Falls', '57101'),
('321 Homestead Rd', 'Suite 10', 'Wyoming', 'Casper', '82601'),
('654 Harvest St',  '', 'Montana', 'Billings', '59101'),
('987 Hilltop Rd', 'Unit 4', 'Alabama', 'Tuscaloosa', '35401'),
('123 Forest Path',  '', 'Georgia', 'Macon', '31201'),
('456 Lakeview Blvd', 'Apt 201', 'Missouri', 'Branson', '65616'),
('789 Meadow St',  '', 'Oklahoma', 'Tulsa', '74101'),
('234 Sunset Ave', 'Suite 200', 'Arkansas', 'Fayetteville', '72701'),
('567 Ridge Rd',  '', 'Idaho', 'Boise', '83701'),
('890 Creek Bend Dr',  '', 'Mississippi', 'Oxford', '38655'),
('321 Valley Rd', 'Unit 3', 'West Virginia', 'Charleston', '25301'),
('654 Timber St',  '', 'Louisiana', 'Monroe', '71201'),
('987 Riverbank Rd',  '', 'North Carolina', 'Asheville', '28801'),
('123 Mountain View Rd', 'Apt 3B', 'Colorado', 'Fort Collins', '80521'),
('456 Oakwood Dr',  '', 'Utah', 'Provo', '84601'),
('789 Maple Grove Ln', 'Suite 5A', 'Ohio', 'Lancaster', '43130'),
('234 Pine Hill Dr',  '', 'Indiana', 'Bloomington', '47401'),
('567 Cloverfield Rd', 'Unit 7', 'Minnesota', 'Duluth', '55802'),
('890 Bluegrass Blvd',  '', 'Kentucky', 'Lexington', '40502'),
('321 Countryside Rd', 'PO Box 789', 'North Dakota', 'Bismarck', '58501'),
('654 Windy Way',  '', 'Iowa', 'Des Moines', '50301'),
('987 Rocky Rd',  '', 'Maine', 'Bangor', '04401'),
('123 Canyon Dr', 'Apt 12', 'Nevada', 'Reno', '89501'),
('456 Country Club Ln', 'Suite 8', 'Arizona', 'Flagstaff', '86001'),
('789 Farmstead Dr', 'Unit 9', 'Oregon', 'Eugene', '97401'),
('234 Stonebridge Rd', 'Apt 5B', 'California', 'Modesto', '95350'),
('567 Riverstone Ave', 'PO Box 222', 'Washington', 'Spokane', '99201'),
('890 Willow Creek Rd', 'Unit 6', 'Vermont', 'Montpelier', '05601'),
('321 Green Valley Rd',  '', 'New Hampshire', 'Concord', '03301'),
('654 Autumn Lane', 'Suite 303', 'Montana', 'Bozeman', '59715'),
('987 Birchwood Rd', 'Unit 12', 'Wyoming', 'Jackson', '83001'),
('123 Frontier Rd',  '', 'Texas', 'Amarillo', '79101'),
('456 Riverbend Dr', 'Apt 1A', 'Mississippi', 'Hattiesburg', '39401'),
('789 Ponderosa Dr',  '', 'Tennessee', 'Murfreesboro', '37129'),
('234 Cedar Hill Ln', 'Suite 6B', 'Alabama', 'Huntsville', '35801'),
('567 Rustic Ridge Rd',  '', 'Georgia', 'Savannah', '31401'),
('890 Highland Way', 'Unit 14', 'South Carolina', 'Spartanburg', '29301'),
('321 Walnut Ridge Rd', 'PO Box 555', 'Arkansas', 'Jonesboro', '72401'),
('654 Rolling Hills Rd', 'Apt 7', 'Florida', 'Ocala', '34470'),
('987 Meadowbrook Ln',  '', 'New Mexico', 'Santa Fe', '87501'),
('123 Boulder Dr', 'Suite 101', 'Virginia', 'Roanoke', '24011'),
('456 Clover Ln',  '', 'Oregon', 'Bend', '97701'),
('789 Ridgeview Rd', 'PO Box 444', 'Alaska', 'Anchorage', '99501');

SELECT * FROM LOCATION;

INSERT INTO MANUFACTURER (NAME, RELIABILITY) VALUES
('Colt Manufacturing Company', 100),
('Remington Arms', 50),
('Smith & Wesson', 100),
('Ruger Firearms', 100),
('Winchester Repeating Arms', 100),
('Beretta USA', 100),
('Springfield Armory', 100),
('Mossberg & Sons', 50),
('Browning Arms Company', 100),
('Savage Arms', 50),
('Daniel Defense', 100),
('FN America', 100),
('Sig Sauer USA', 100),
('Kel-Tec', 50),
('Barrett Firearms', 100),
('Wilson Combat', 100),
('Bushmaster Firearms', 50),
('Henry Repeating Arms', 100),
('Aero Precision', 100),
('Kimber Manufacturing', 100),
('Palmetto State Armory', 50),
('LMT Defense', 100),
('Taurus USA', 50),
('Christensen Arms', 100),
('DPMS Panther Arms', 50),
('PTR Industries', 100),
('Rock River Arms', 50),
('Colt Defense', 100),
('Bond Arms', 50),
('Patriot Ordnance Factory', 100),
('MasterPiece Arms', 50),
('Rock Island Armory USA', 50),
('North American Arms', 50),
('Les Baer Custom', 100),
('Sturm, Ruger & Co.', 100),
('US Arms Company', 100),
('CMMG Inc.', 50),
('Heckler & Koch USA', 100),
('Noveske Rifleworks', 100),
('Adams Arms', 50),
('Fulton Armory', 50),
('LWRC International', 100),
('Troy Industries', 100),
('Battle Arms Development', 50),
('Kahr Arms', 50),
('Iver Johnson Arms', 50),
('Nighthawk Custom', 100),
('Diamondback Firearms', 50),
('Anderson Manufacturing', 50),
('Armalite Inc.', 100);

SELECT * FROM MANUFACTURER;

INSERT INTO SCHEDULE (
    M_START_HR, M_END_HR, 
    T_START_HR, T_END_HR, 
    W_START_HR, W_END_HR, 
    TH_START_HR, TH_END_HR, 
    F_START_HR, F_END_HR, 
    S_START_HR, S_END_HR
) VALUES
(8, 17, 8, 17, 8, 17, 8, 17, 8, 17, 0, 0),
(9, 18, 9, 18, 9, 18, 9, 18, 9, 18, 0, 0),
(7, 16, 7, 16, 7, 16, 7, 16, 7, 16, 0, 0),
(10, 19, 10, 19, 10, 19, 10, 19, 10, 19, 0, 0),
(6, 15, 6, 15, 6, 15, 6, 15, 6, 15, 0, 0),
(8, 17, 7, 16, 9, 18, 10, 19, 8, 17, 0, 0),
(9, 18, 8, 17, 10, 19, 11, 20, 9, 18, 0, 0),
(7, 16, 6, 15, 8, 17, 9, 18, 7, 16, 0, 0),
(8, 17, 7, 16, 9, 18, 8, 17, 10, 19, 0, 0),
(6, 15, 5, 14, 7, 16, 6, 15, 8, 17, 0, 0),
(9, 18, 8, 17, 10, 19, 9, 18, 11, 20, 0, 0),
(7, 16, 6, 15, 8, 17, 7, 16, 9, 18, 0, 0),
(8, 17, 9, 18, 10, 19, 11, 20, 10, 19, 0, 0),
(7, 16, 8, 17, 9, 18, 10, 19, 9, 18, 0, 0),
(6, 15, 7, 16, 8, 17, 7, 16, 9, 18, 0, 0),
(8, 17, 7, 16, 9, 18, 8, 17, 10, 19, 0, 0),
(9, 18, 8, 17, 10, 19, 9, 18, 11, 20, 0, 0),
(7, 16, 6, 15, 8, 17, 9, 18, 7, 16, 0, 0),
(8, 17, 7, 16, 9, 18, 8, 17, 10, 19, 0, 0),
(9, 18, 8, 17, 10, 19, 11, 20, 9, 18, 0, 0),
(6, 15, 7, 16, 8, 17, 7, 16, 9, 18, 0, 0),
(8, 17, 9, 18, 10, 19, 11, 20, 10, 19, 0, 0),
(7, 16, 8, 17, 9, 18, 10, 19, 9, 18, 0, 0),
(9, 18, 10, 19, 11, 20, 12, 21, 11, 20, 0, 0),
(6, 15, 7, 16, 8, 17, 9, 18, 8, 17, 0, 0),
(9, 18, 10, 19, 11, 20, 12, 21, 11, 20, 0, 0),
(7, 16, 6, 15, 8, 17, 9, 18, 8, 17, 0, 0),
(8, 17, 7, 16, 9, 18, 8, 17, 10, 19, 0, 0),
(9, 18, 8, 17, 10, 19, 9, 18, 11, 20, 0, 0),
(6, 15, 7, 16, 8, 17, 7, 16, 9, 18, 0, 0),
(8, 17, 7, 16, 9, 18, 8, 17, 10, 19, 0, 0),
(9, 18, 10, 19, 11, 20, 12, 21, 11, 20, 0, 0),
(7, 16, 6, 15, 8, 17, 9, 18, 7, 16, 0, 0),
(8, 17, 9, 18, 10, 19, 11, 20, 10, 19, 0, 0),
(6, 15, 5, 14, 7, 16, 6, 15, 8, 17, 0, 0),
(7, 16, 6, 15, 8, 17, 7, 16, 9, 18, 0, 0),
(8, 17, 7, 16, 9, 18, 8, 17, 10, 19, 0, 0),
(9, 18, 8, 17, 10, 19, 11, 20, 9, 18, 0, 0),
(6, 15, 7, 16, 8, 17, 7, 16, 9, 18, 0, 0),
(8, 17, 9, 18, 10, 19, 11, 20, 10, 19, 0, 0),
(7, 16, 6, 15, 8, 17, 9, 18, 7, 16, 0, 0),
(9, 18, 10, 19, 11, 20, 12, 21, 11, 20, 0, 0),
(6, 15, 5, 14, 7, 16, 6, 15, 8, 17, 0, 0),
(8, 17, 9, 18, 10, 19, 11, 20, 10, 19, 0, 0),
(7, 16, 6, 15, 8, 17, 9, 18, 7, 16, 0, 0),
(8, 17, 7, 16, 9, 18, 8, 17, 10, 19, 0, 0),
(9, 18, 8, 17, 10, 19, 11, 20, 9, 18, 0, 0);


SELECT*FROM SCHEDULE;

INSERT INTO JOB_POSITION (NAME, DESCRIPTION) VALUES
('Security Officer', 'Responsible for the safety and security of the premises and personnel.'),
('Compliance Specialist', 'Ensures adherence to legal standards and company policies.'),
('Firearms Instructor', 'Provides training on the proper handling and use of firearms.'),
('Inventory Manager', 'Oversees and manages inventory levels and stock control.'),
('Sales Associate', 'Handles customer inquiries and sales transactions.'),
('Logistics Coordinator', 'Manages the transportation and distribution of goods.'),
('Accountant', 'Manages financial records, budgeting, and reporting.'),
('IT Support Specialist', 'Provides technical support and troubleshooting for IT systems.'),
('Marketing Manager', 'Develops and implements marketing strategies and campaigns.'),
('Legal Advisor', 'Provides legal counsel and guidance on regulatory issues.'),
('Purchasing Agent', 'Responsible for procuring products and negotiating with suppliers.'),
('Warehouse Supervisor', 'Oversees warehouse operations and staff.'),
('Operations Manager', 'Manages day-to-day operations and ensures efficiency.'),
('Customer Service Representative', 'Handles customer service inquiries and resolves issues.'),
('Project Manager', 'Leads and coordinates projects to ensure successful completion.'),
('Human Resources Specialist', 'Manages recruitment, employee relations, and HR policies.'),
('Training Coordinator', 'Organizes and conducts training programs for staff.'),
('Quality Assurance Inspector', 'Ensures products meet quality and safety standards.'),
('Safety Officer', 'Develops and implements safety protocols and procedures.'),
('Administrative Assistant', 'Provides administrative support and office management.'),
('Data Analyst', 'Analyzes data to provide insights and support decision-making.'),
('Regulatory Affairs Specialist', 'Manages regulatory compliance and submissions.'),
('Business Development Manager', 'Identifies and develops new business opportunities.'),
('Technical Writer', 'Creates and maintains technical documentation and manuals.'),
('Field Service Technician', 'Provides on-site technical support and service.'),
('Financial Analyst', 'Analyzes financial data to support business planning and strategy.'),
('Procurement Specialist', 'Manages procurement processes and supplier relationships.'),
('Risk Manager', 'Identifies and mitigates risks to the organization.'),
('Research Scientist', 'Conducts research and analysis in specialized areas.'),
('Production Manager', 'Oversees production processes and ensures efficiency.'),
('Customer Success Manager', 'Ensures customer satisfaction and manages client relationships.'),
('Security Consultant', 'Provides expert advice on security measures and systems.'),
('Administrative Manager', 'Manages administrative functions and office operations.'),
('Public Relations Specialist', 'Handles communication and public relations efforts.'),
('Contract Manager', 'Manages and oversees contracts and agreements.'),
('Maintenance Technician', 'Performs maintenance and repair on equipment and facilities.'),
('Systems Analyst', 'Analyzes and designs IT systems to meet business needs.'),
('Event Coordinator', 'Plans and organizes events and activities.'),
('Supply Chain Manager', 'Manages and optimizes the supply chain process.'),
('Business Analyst', 'Analyzes business processes and provides recommendations for improvement.'),
('Technical Support Specialist', 'Provides technical assistance and troubleshooting for products.'),
('Training Specialist', 'Develops and delivers training programs for employees.'),
('Sales Manager', 'Leads and manages the sales team to achieve targets.'),
('Facilities Manager', 'Oversees the maintenance and management of facilities.'),
('Field Operations Manager', 'Manages field operations and ensures operational efficiency.'),
('Legal Clerk', 'Assists with legal documentation and administrative tasks.'),
('Compliance Manager', 'Ensures compliance with regulatory requirements and company policies.'),
('Product Manager', 'Manages the development and lifecycle of products.'),
('Customer Service Manager', 'Oversees customer service operations and team performance.');


SELECT*FROM JOB_POSITION;

INSERT INTO PRODUCT_CATEGORY (NAME, DESCRIPTION) VALUES
('Handguns', 'Short-barreled firearms designed for one-hand use.'),
('Rifles', 'Long-barreled firearms for precision shooting.'),
('Shotguns', 'Firearms designed to shoot spread shots, often used for hunting.'),
('Assault Rifles', 'Military-style automatic rifles used in combat.'),
('Sniper Rifles', 'High-precision, long-range rifles used for sniping.'),
('Submachine Guns', 'Compact automatic firearms designed for close combat.'),
('Machine Guns', 'Fully automatic firearms used for sustained firepower.'),
('Carbines', 'Shortened rifles typically used by cavalry or special forces.'),
('Pistols', 'Semi-automatic handguns with detachable magazines.'),
('Revolvers', 'Handguns with revolving cylinders to hold multiple rounds.'),
('Semi-Automatic Rifles', 'Rifles that automatically reload but require the trigger to be pulled for each shot.'),
('Bolt-Action Rifles', 'Manually operated rifles with a bolt mechanism.'),
('Lever-Action Rifles', 'Rifles with a lever that cycles the action.'),
('Pump-Action Shotguns', 'Shotguns that reload by pumping the fore-end.'),
('Single-Shot Rifles', 'Rifles that must be reloaded after each shot.'),
('Automatic Shotguns', 'Shotguns that reload and fire continuously.'),
('Silencers', 'Devices attached to firearms to suppress the sound of gunfire.'),
('Suppressors', 'Devices that reduce the noise and flash from gunfire.'),
('Ammunition', 'Cartridges or rounds used in firearms.'),
('Explosives', 'Devices designed to explode for demolition or combat use.'),
('Grenades', 'Hand-held explosive devices used in combat.'),
('Smoke Grenades', 'Grenades designed to create smoke for cover or signaling.'),
('Flashbangs', 'Grenades that produce a blinding flash and loud sound.'),
('Tactical Vests', 'Vests worn for carrying ammunition and equipment.'),
('Body Armor', 'Protective gear designed to absorb or deflect bullets.'),
('Scopes', 'Optical devices used for aiming at distant targets.'),
('Red Dot Sights', 'Reflex sights for quick target acquisition.'),
('Night Vision Devices', 'Devices that allow sight in low-light conditions.'),
('Thermal Sights', 'Optics that detect heat signatures for targeting.'),
('Laser Sights', 'Devices that project a laser beam for accurate aiming.'),
('Magazines', 'Devices that store and feed ammunition into firearms.'),
('Drum Magazines', 'High-capacity magazines shaped like a drum.'),
('Grenade Launchers', 'Firearms designed to launch grenades.'),
('Rocket Launchers', 'Weapons that fire rocket-propelled projectiles.'),
('Mortars', 'Portable, indirect fire weapons used for launching explosive shells.'),
('Flamethrowers', 'Weapons that project fire over a distance.'),
('Bayonets', 'Knives or swords that can be attached to the muzzle of a rifle.'),
('Combat Knives', 'Knives designed for military or survival use.'),
('Tasers', 'Non-lethal electroshock weapons for incapacitating targets.'),
('Pepper Spray', 'Non-lethal defense spray that irritates the eyes and respiratory system.'),
('Batons', 'Club-like weapons used for self-defense or crowd control.'),
('Ballistic Helmets', 'Helmets designed to protect against bullets and shrapnel.'),
('Gas Masks', 'Masks that protect against chemical or biological agents.'),
('Range Finders', 'Devices used to measure distance to a target.'),
('Binoculars', 'Optical instruments for viewing distant objects.'),
('Holsters', 'Cases for carrying handguns.'),
('Sling Systems', 'Straps for carrying rifles or shotguns over the shoulder.'),
('Gun Safes', 'Secure storage for firearms to prevent unauthorized access.'),
('Weapon Lights', 'Flashlights mounted on firearms for illumination.'),
('Bipods', 'Two-legged supports used to stabilize rifles when shooting.'),
('Tripods', 'Three-legged stands used to support heavier firearms or optics.');

SELECT*FROM PRODUCT_CATEGORY;

INSERT INTO PRODUCT_TYPE (MANUFACTURER_ID, PRODUCT_CATEGORY_ID, NAME, DESCRIPTION, DEMAND_INDEX) VALUES
(1, 1, 'Glock 17', 'A popular semi-automatic handgun known for reliability.', 85),
(1, 1, 'Smith & Wesson M&P Shield', 'Compact and versatile semi-automatic pistol.', 78),
(2, 2, 'Remington 700', 'Bolt-action rifle used for precision shooting.', 90),
(2, 2, 'Winchester Model 70', 'Classic bolt-action rifle with excellent accuracy.', 82),
(3, 3, 'Mossberg 500', 'Pump-action shotgun with various configurations.', 88),
(3, 3, 'Benelli M4', 'Semi-automatic tactical shotgun with high reliability.', 76),
(4, 4, 'AR-15', 'Popular semi-automatic rifle used in various roles.', 92),
(4, 4, 'FN SCAR-L', 'Modular assault rifle used by military and special forces.', 80),
(5, 5, 'Barrett M82', 'Heavy sniper rifle with long-range capabilities.', 85),
(5, 5, 'Accuracy International AXMC', 'Modular sniper rifle with excellent precision.', 88),
(6, 6, 'Heckler & Koch MP5', 'Compact submachine gun used by law enforcement.', 82),
(6, 6, 'Uzi Pro', 'Updated version of the classic Uzi submachine gun.', 79),
(7, 7, 'M60', 'General-purpose machine gun with sustained fire capability.', 81),
(7, 7, 'PKM', 'Russian general-purpose machine gun with high durability.', 77),
(8, 8, 'Colt LE6920', 'Carbine version of the AR-15 with military specifications.', 84),
(8, 8, 'Sig Sauer MCX', 'Modular carbine with various configuration options.', 79),
(9, 9, 'Beretta 92FS', 'Classic semi-automatic pistol with a robust design.', 86),
(9, 9, 'Walther P99', 'Innovative semi-automatic pistol with advanced features.', 75),
(10, 10, 'Ruger GP100', 'Revolver known for its strength and durability.', 82),
(10, 10, 'Smith & Wesson Model 686', 'High-performance revolver with adjustable sights.', 78),
(11, 11, 'Savage Model 110', 'Bolt-action rifle with precision accuracy.', 83),
(11, 11, 'Tikka T3x', 'Rifle with smooth action and high accuracy.', 80),
(12, 12, 'Winchester Model 1897', 'Pump-action shotgun with historical significance.', 74),
(12, 12, 'Remington 870 Express', 'Versatile pump-action shotgun for various applications.', 85),
(13, 13, 'SilencerCo Osprey', 'Silencer designed for effective noise reduction.', 77),
(13, 13, 'Dead Air Sandman-S', 'High-performance suppressor with rugged construction.', 79),
(14, 14, 'SUREFIRE SOCOM556-RC', 'Suppressor for AR-15 rifles with reduced noise signature.', 80),
(14, 14, 'Gemtech Lunar 9', 'Silencer for 9mm handguns with excellent suppression.', 76),
(15, 15, 'Hornady 9mm Luger', 'Ammunition designed for reliable performance in pistols.', 88),
(15, 15, 'Federal Premium .308 Winchester', 'High-quality ammunition for precision rifles.', 85),
(16, 16, 'C4 Explosive', 'Versatile plastic explosive used for demolition.', 71),
(16, 16, 'Semtex', 'Powerful plastic explosive used for military and demolition.', 73),
(17, 17, 'M67 Fragmentation Grenade', 'Hand grenade with fragmentation capability for combat.', 82),
(17, 17, 'M84 Stun Grenade', 'Flashbang grenade for disorienting enemies.', 78),
(18, 18, 'M18 Smoke Grenade', 'Smoke grenade for cover and signaling.', 77),
(18, 18, 'M84 Smoke Grenade', 'High-density smoke grenade for battlefield obscuration.', 74),
(19, 19, 'Bulletproof Vest Level IIIA', 'Protective vest designed to stop handgun bullets.', 81),
(19, 19, 'AR500 Steel Plate Carrier', 'Durable plate carrier with ballistic protection.', 80),
(20, 20, 'Leupold VX-3i', 'High-quality rifle scope with excellent clarity.', 84),
(20, 20, 'Vortex Viper PST Gen II', 'Versatile scope for long-range shooting.', 78),
(21, 21, 'PVS-14 Night Vision Monocular', 'Night vision device for improved low-light vision.', 82),
(21, 21, 'ATN Thor LT', 'Thermal rifle scope for detecting heat signatures.', 77),
(22, 22, 'Lasermax Uni-Max', 'Laser sight for enhanced aiming accuracy.', 79),
(22, 22, 'Crimson Trace Lasergrip', 'Laser sight integrated into a pistol grip.', 80),
(23, 23, 'AR-15 Magazine 30-Round', 'Standard magazine for AR-15 rifles.', 85),
(23, 23, 'PMAG 30', 'Durable and reliable 30-round magazine for rifles.', 82),
(24, 24, 'M203 Grenade Launcher', 'Under-barrel grenade launcher for rifles.', 76),
(24, 24, 'M79 Grenade Launcher', 'Single-shot grenade launcher for versatile use.', 74),
(25, 25, 'M72 LAW', 'Portable rocket launcher for anti-armor use.', 73),
(25, 25, 'RPG-7', 'Recoil-operated rocket-propelled grenade launcher.', 75),
(26, 26, 'M224 Mortar', 'Lightweight mortar for indirect fire support.', 77),
(26, 26, 'M120 Mortar', 'Heavy mortar with high firepower for combat support.', 80),
(27, 27, 'M2 Flamethrower', 'Portable flamethrower for close-quarters combat.', 71),
(27, 27, 'LPO-50 Flamethrower', 'Russian flamethrower with effective range and power.', 72),
(28, 28, 'KA-BAR USMC Fighting Knife', 'Combat knife known for its durability and utility.', 82),
(28, 28, 'Gerber StrongArm', 'Tactical knife with a robust design for military use.', 79),
(29, 29, 'Taser X26', 'Conducted electrical weapon for non-lethal incapacitation.', 83),
(29, 29, 'Taser Pulse+', 'Compact and effective taser for personal defense.', 80),
(30, 30, 'Sabre Red Pepper Spray', 'Powerful pepper spray for personal protection.', 75),
(30, 30, 'Fox Labs 5.3', 'High-strength pepper spray with long-range spray pattern.', 77),
(31, 31, 'ASP Expandable Baton', 'Telescoping baton for self-defense and control.', 74),
(31, 31, 'Monadnock PR-24', 'Police baton with extended reach and control.', 76),
(32, 32, 'ACH Ballistic Helmet', 'Advanced combat helmet for ballistic protection.', 81),
(32, 32, 'MICH Helmet', 'Modular Integrated Communications Helmet for military use.', 78),
(33, 33, 'M50 Gas Mask', 'Protective mask against chemical, biological, radiological threats.', 77),
(33, 33, 'S10 Gas Mask', 'British military gas mask with comprehensive protection.', 75),
(34, 34, 'Bushnell Rangefinder', 'Laser rangefinder for accurate distance measurement.', 80),
(34, 34, 'Leica Rangemaster CRF 2800', 'High-performance rangefinder for precision shooting.', 82),
(35, 35, 'Nikon Prostaff 7S Binoculars', 'High-quality binoculars for distance observation.', 79),
(35, 35, 'Zeiss Victory SF Binoculars', 'Premium binoculars with exceptional optics.', 81),
(36, 36, 'Blackhawk Serpa CQC Holster', 'Tactical holster for secure firearm carry.', 84),
(36, 36, 'Safariland 7360 Holster', 'Level III retention holster for tactical use.', 80),
(37, 37, 'Magpul MS3 Sling', 'Adjustable sling for versatile rifle carrying.', 76),
(37, 37, 'Vickers Tactical Sling', 'Durable sling for tactical rifle use.', 75),
(38, 38, 'Stack-On Elite Gun Safe', 'Fireproof and waterproof safe for firearm storage.', 82),
(38, 38, 'Liberty Safe Centurion', 'High-security gun safe with advanced protection features.', 79),
(39, 39, 'Streamlight TLR-1 Weapon Light', 'Powerful weapon-mounted flashlight.', 83),
(39, 39, 'Surefire X300U', 'Durable flashlight with high output for firearms.', 80),
(40, 40, 'Harris Bipod', 'Adjustable bipod for stabilizing rifles.', 76),
(40, 40, 'Atlas Bipod', 'Precision bipod for tactical rifle support.', 78),
(5, 12, 'AK-74', 'Assault rifle known for its accuracy and durability.', 82),
(8, 13, 'Dragunov SVD', 'Semi-automatic sniper rifle used for precision shooting.', 78),
(15, 14, 'PP-19 Bizon', 'Submachine gun with a high-capacity magazine.', 80),
(2, 15, 'RPK', 'Light machine gun with high firepower and reliability.', 85),
(10, 16, 'T-90 Tank', 'Main battle tank with advanced armor and weaponry.', 90),
(7, 17, 'PKM', 'General-purpose machine gun with robust performance.', 84),
(6, 18, 'Makarov PM', 'Compact semi-automatic pistol used by Russian military.', 77),
(11, 19, 'VSS Vintorez', 'Silent sniper rifle with integrated suppressor.', 79),
(14, 20, 'Glock 17 Gen 4', 'Enhanced version of the popular Glock 17.', 75),
(3, 21, 'SVD Dragunov', 'Precision sniper rifle with exceptional range.', 81),
(9, 22, 'Taurus 856', 'Reliable revolver known for its durability.', 72),
(16, 23, 'SPG-9', 'Recoil-operated anti-tank gun with high explosive power.', 88),
(13, 24, 'AK-47', 'Iconic assault rifle used widely in various conflicts.', 90),
(12, 25, 'PPSh-41', 'Historic submachine gun with high rate of fire.', 83),
(4, 26, 'Kalasnikov AK-12', 'Modern assault rifle with improved ergonomics.', 78),
(18, 27, 'RPG-7', 'Rocket-propelled grenade launcher with various munitions.', 85),
(17, 28, 'M2 Browning', 'Heavy machine gun used for vehicle and crew protection.', 76),
(20, 29, 'SVD-S', 'Sniper rifle with a more compact design for tactical use.', 77),
(15, 30, 'SVD Dragunov', 'Classic sniper rifle with high accuracy and range.', 84),
(21, 31, 'AK-103', 'Assault rifle with enhanced features and reliability.', 82),
(19, 32, 'Saiga-12', 'Semi-automatic shotgun with versatility and power.', 79),
(22, 33, 'T-14 Armata', 'Modern Russian main battle tank with advanced technology.', 88),
(23, 34, 'GSh-18', 'Semi-automatic pistol with high magazine capacity.', 81),
(26, 35, 'Makarov PMM', 'Updated version of the Makarov PM with increased capacity.', 75),
(25, 36, 'AK-74M', 'Standard assault rifle of the Russian military.', 80),
(24, 37, 'Tigr', 'Lightly armored vehicle used for reconnaissance and support.', 79),
(29, 38, 'RPG-29', 'Advanced rocket-propelled grenade launcher with enhanced capabilities.', 83),
(28, 39, 'SVD Dragunov', 'Famous sniper rifle used for long-range engagements.', 77),
(27, 40, 'Kord Machine Gun', 'Heavy machine gun designed for vehicle and fixed positions.', 84),
(30, 41, 'Glock 19', 'Popular compact pistol with various features.', 72),
(31, 42, 'TOS-1', 'Heavy flamethrower system used for area denial.', 89),
(33, 43, 'PKP Pecheneg', 'Modernized version of the PKM with increased accuracy.', 78),
(32, 44, 'AS VAL', 'Silenced assault rifle used for special operations.', 82),
(34, 45, 'GSh-30-1', 'Automatic cannon mounted on various Russian aircraft.', 80),
(35, 1, 'AK-74U', 'Compact version of the AK-74 with high firepower.', 77),
(36, 2, 'AK-47M', 'Modernized version of the AK-47 with improved features.', 85),
(37, 3, 'RPK-74', 'Light machine gun with enhanced accuracy and fire rate.', 80),
(38, 4, 'T-90MS', 'Upgraded main battle tank with advanced systems.', 79),
(39, 5, 'SV-98', 'Precision rifle with high accuracy for long-range shooting.', 82),
(40, 6, 'PKP Pecheneg', 'Heavy machine gun with improved reliability.', 88),
(41, 7, 'SP-6', 'Advanced sniper round used with the SVD Dragunov.', 75),
(42, 8, 'AK-105', 'Compact assault rifle with high versatility.', 76),
(43, 9, 'PP-19 Bizon-2', 'Updated version of the Bizon with enhanced features.', 84),
(44, 10, 'GSh-6-23', 'Multi-barrel rotary cannon used on Russian aircraft.', 79),
(45, 11, 'RPG-26', 'Handheld rocket launcher with improved design.', 81),
(46, 12, 'AK-74M', 'Standard issue rifle with modern upgrades.', 82),
(47, 13, 'M21', 'Sniper rifle used for precision long-range engagements.', 77),
(48, 14, 'Vityaz-SN', 'Submachine gun with high reliability and performance.', 84),
(49, 15, 'Saiga-20', 'Semi-automatic shotgun with improved features.', 80),
(50, 16, 'Osa', 'Portable anti-aircraft missile system.', 79);

SELECT*FROM PRODUCT_TYPE;

INSERT INTO REGULATION (JURISDICTION_ID, LEGAL_CODE, AUTHORING_BODY) VALUES
(1, 'NYC-12-34', 'Rusty Jackson'),
(2, 'CA-22-BC', 'Benny Harper'),
(3, 'TX-45-X9', 'Sally OHara'),
(4, 'FL-99-Y7', 'Marty Clemens'),
(5, 'IL-81-Z5', 'Daisy Rourke'),
(6, 'PA-34-A6', 'Ned Donovan'),
(7, 'OH-56-B8', 'Polly Winters'),
(8, 'MI-77-C2', 'Wilbur Finch'),
(9, 'GA-19-D3', 'Lucy Chalmers'),
(10, 'NC-88-E4', 'Eddie Whitman'),
(11, 'NJ-90-F5', 'Gertie Hayes'),
(12, 'VA-12-G6', 'Frankie Holt'),
(13, 'WA-43-H7', 'Maggie Sterling'),
(14, 'MA-54-J8', 'Liam Bartlett'),
(15, 'MD-67-K9', 'Nancy Welker'),
(16, 'CO-78-L0', 'Teddy Quinn'),
(17, 'AZ-89-M1', 'Rita Caldwell'),
(18, 'TN-10-N2', 'Jasper Lane'),
(19, 'MO-21-P3', 'Fiona Mercer'),
(20, 'WI-32-Q4', 'Clyde Mitchell'),
(21, 'MN-43-R5', 'Tina Griffith'),
(22, 'IA-54-S6', 'Alvin Norton'),
(23, 'CT-65-T7', 'Ellie Baird'),
(24, 'OR-76-U8', 'Raymond Brooks'),
(25, 'OK-87-V9', 'Clara Devereaux'),
(26, 'UT-98-W0', 'Hank Lucas'),
(27, 'NV-09-X1', 'Wendy Forbes'),
(28, 'KY-10-Y2', 'Oscar Phelps'),
(29, 'IN-21-Z3', 'Julie Merrick'),
(30, 'AR-32-A4', 'Landon Brooks'),
(31, 'LA-43-B5', 'Marian Ellis'),
(32, 'SC-54-C6', 'Sammy Wainwright'),
(33, 'AL-65-D7', 'Lola Briggs'),
(34, 'MS-76-E8', 'Vince Oliver'),
(35, 'KS-87-F9', 'Dorothy Cole'),
(36, 'WV-98-G0', 'Hugh Ferguson'),
(37, 'ME-09-H1', 'Nina Collins'),
(38, 'NH-10-J2', 'Gus Baldwin'),
(39, 'RI-21-K3', 'Holly James'),
(40, 'SD-32-L4', 'Archie Burton'),
(41, 'ND-43-M5', 'Veronica Lee'),
(42, 'MT-54-N6', 'Earl Jordan'),
(43, 'WY-65-O7', 'Mabel Russo'),
(44, 'DE-76-P8', 'Ralph Hayes'),
(45, 'AK-87-Q9', 'Sylvia Mason'),
(46, 'HI-98-R0', 'Percy Edwards'),
(47, 'PR-09-S1', 'Irene Palmer'),
(48, 'VI-10-T2', 'Monty West'),
(49, 'GU-21-U3', 'Evelyn Carson'),
(50, 'MP-32-V4', 'Rudy Grant');

SELECT*FROM REGULATION;

INSERT INTO PURCHASER (JURISDICTION_ID, NAME, KIND, TELEPHONE, NRA_NUMBER, DLN_NUMBER, ATF_NUMBER) VALUES
(1, 'CITY Police Department', 'CONTRACT', '555-0201', '', '', ''),
(1, 'County Sheriff Office', 'CONTRACT', '555-0202', '', '', ''),
(1, 'State Highway Patrol', 'CONTRACT', '555-0203', '', '', ''),
(1, 'Federal Bureau of Investigation', 'CONTRACT', '555-0204', '', '', ''),
(1, 'ATF Buraeucrats', 'CONTRACT', '555-020', '', '', ''),
(1, 'Pinkerton Detective Agency', 'CONTRACT', '555-0206', '', '', ''),
(1, 'US Secret Service', 'CONTRACT', '555-0207', '', '', ''),
(1, 'National Security Agency', 'CONTRACT', '555-0208', '', '', ''),
(1, 'Drug Enforcement Administration', 'CONTRACT', '555-0209', '', '', ''),
(1, 'Department of Homeland Security', 'CONTRACT', '555-0210', '', '', ''),
(2, 'Chicago Police Department', 'CONTRACT', '555-0211', '', '', ''),
(2, 'Los Angeles County Sheriff', 'CONTRACT', '555-0212', '', '', ''),
(2, 'New York State Police', 'CONTRACT', '555-0213', '', '', ''),
(2, 'Texas Rangers', 'CONTRACT', '555-0214', '', '', ''),
(2, 'California Highway Patrol', 'CONTRACT', '555-0215', '', '', ''),
(2, 'United States Marshals Service', 'CONTRACT', '555-0216', '', '', ''),
(2, 'Interpol', 'CONTRACT', '555-0217', '', '', ''),
(2, 'Department of Defense Police', 'CONTRACT', '555-0218', '', '', ''),
(2, 'Homeland Security Investigations', 'CONTRACT', '555-0219', '', '', ''),
(2, 'US Customs and Border Protection', 'CONTRACT', '555-0220', '', '', ''),
(3, 'Miami-Dade Police Department', 'CONTRACT', '555-0221', '', '', ''),
(3, 'San Francisco Police Department', 'CONTRACT', '555-0222', '', '', ''),
(3, 'Philadelphia Police Department', 'CONTRACT', '555-0223', '', '', ''),
(3, 'Detroit Police Department', 'CONTRACT', '555-0224', '', '', ''),
(3, 'Atlanta Police Department', 'CONTRACT', '555-0225', '', '', ''),
(3, 'Baltimore Police Department', 'CONTRACT', '555-0226', '', '', ''),
(3, 'Washington D.C. Metropolitan Police', 'CONTRACT', '555-0227', '', '', ''),
(3, 'Boston Police Department', 'CONTRACT', '555-0228', '', '', ''),
(3, 'Cleveland Police Department', 'CONTRACT', '555-0229', '', '', ''),
(3, 'Indianapolis Police Department', 'CONTRACT', '555-0230', '', '', ''),
(4, 'Las Vegas Metropolitan Police', 'CONTRACT', '555-0231', '', '', ''),
(4, 'Omaha Police Department', 'CONTRACT', '555-0232', '', '', ''),
(4, 'New Orleans Police Department', 'CONTRACT', '555-0233', '', '', ''),
(4, 'Seattle Police Department', 'CONTRACT', '555-0234', '', '', ''),
(4, 'Denver Police Department', 'CONTRACT', '555-0235', '', '', ''),
(4, 'Minneapolis Police Department', 'CONTRACT', '555-0236', '', '', ''),
(4, 'Sacramento Police Department', 'CONTRACT', '555-0237', '', '', ''),
(4, 'St. Louis Metropolitan Police', 'CONTRACT', '555-0238', '', '', ''),
(4, 'San Diego Police Department', 'CONTRACT', '555-0239', '', '', ''),
(4, 'Kansas City Police Department', 'CONTRACT', '555-0240', '', '', ''),
(1, 'John Doe', 'PUBLIC', '555-0101', 'NRA123456', 'DLN789012', 'ATF345678'),
(2, 'Jane Smith', 'PUBLIC', '555-0102', 'NRA654321', 'DLN210987', 'ATF876543'),
(3, 'Alice Johnson', 'PUBLIC', '555-0103', 'NRA234567', 'DLN890123', 'ATF456789'),
(4, 'Bob Brown', 'PUBLIC', '555-0104', 'NRA765432', 'DLN321098', 'ATF987654'),
(5, 'Charlie Davis', 'PUBLIC', '555-0105', 'NRA345678', 'DLN123456', 'ATF567890'),
(6, 'Diana Miller', 'PUBLIC', '555-0106', 'NRA876543', 'DLN654321', 'ATF678901'),
(7, 'Eva Wilson', 'PUBLIC', '555-0107', 'NRA456789', 'DLN234567', 'ATF789012'),
(8, 'Frank Harris', 'PUBLIC', '555-0108', 'NRA987654', 'DLN345678', 'ATF890123'),
(9, 'Grace Martinez', 'PUBLIC', '555-0109', 'NRA567890', 'DLN456789', 'ATF901234'),
(10, 'Henry Garcia', 'PUBLIC', '555-0110', 'NRA098765', 'DLN567890', 'ATF012345'),
(11, 'Isla Robinson', 'PUBLIC', '555-0111', 'NRA678901', 'DLN678901', 'ATF123456'),
(12, 'Jack Lee', 'PUBLIC', '555-0112', 'NRA123098', 'DLN789012', 'ATF234567'),
(13, 'Kylie Walker', 'PUBLIC', '555-0113', 'NRA789012', 'DLN890123', 'ATF345678'),
(14, 'Liam Anderson', 'PUBLIC', '555-0114', 'NRA321098', 'DLN901234', 'ATF456789'),
(15, 'Mia Thomas', 'PUBLIC', '555-0115', 'NRA432109', 'DLN012345', 'ATF567890'),
(16, 'Noah White', 'PUBLIC', '555-0116', 'NRA543210', 'DLN123456', 'ATF678901'),
(17, 'Olivia Clark', 'PUBLIC', '555-0117', 'NRA654321', 'DLN234567', 'ATF789012'),
(18, 'Paul Lewis', 'PUBLIC', '555-0118', 'NRA765432', 'DLN345678', 'ATF890123'),
(19, 'Quinn Hall', 'PUBLIC', '555-0119', 'NRA876543', 'DLN456789', 'ATF901234'),
(20, 'Riley Allen', 'PUBLIC', '555-0120', 'NRA987654', 'DLN567890', 'ATF012345'),
(21, 'Sophie Young', 'PUBLIC', '555-0121', 'NRA098765', 'DLN678901', 'ATF123456'),
(22, 'Tom King', 'PUBLIC', '555-0122', 'NRA210987', 'DLN789012', 'ATF234567'),
(23, 'Uma Scott', 'PUBLIC', '555-0123', 'NRA321098', 'DLN890123', 'ATF345678'),
(24, 'Vera Adams', 'PUBLIC', '555-0124', 'NRA432109', 'DLN901234', 'ATF456789'),
(25, 'Will Rogers', 'PUBLIC', '555-0125', 'NRA543210', 'DLN012345', 'ATF567890'),
(26, 'Xander Mitchell', 'PUBLIC', '555-0126', 'NRA654321', 'DLN123456', 'ATF678901'),
(27, 'Yara Murphy', 'PUBLIC', '555-0127', 'NRA765432', 'DLN234567', 'ATF789012'),
(28, 'Zane Carter', 'PUBLIC', '555-0128', 'NRA876543', 'DLN345678', 'ATF890123'),
(29, 'Anna Martinez', 'PUBLIC', '555-0129', 'NRA987654', 'DLN456789', 'ATF901234'),
(30, 'Brian Roberts', 'PUBLIC', '555-0130', 'NRA098765', 'DLN567890', 'ATF012345'),
(31, 'Carmen Taylor', 'PUBLIC', '555-0131', 'NRA210987', 'DLN678901', 'ATF123456'),
(32, 'Daniel Thompson', 'PUBLIC', '555-0132', 'NRA321098', 'DLN789012', 'ATF234567'),
(33, 'Ella Cooper', 'PUBLIC', '555-0133', 'NRA432109', 'DLN890123', 'ATF345678'),
(34, 'Felix Harris', 'PUBLIC', '555-0134', 'NRA543210', 'DLN901234', 'ATF456789'),
(10, 'Gina Davis', 'PUBLIC', '555-0135', 'NRA654321', 'DLN012345', 'ATF567890'),
(11, 'Hank Lewis', 'PUBLIC', '555-0136', 'NRA765432', 'DLN123456', 'ATF678901'),
(18, 'Ivy Wilson', 'PUBLIC', '555-0137', 'NRA876543', 'DLN234567', 'ATF789012'),
(19, 'James Moore', 'PUBLIC', '555-0138', 'NRA987654', 'DLN345678', 'ATF890123'),
(20, 'Kara Walker', 'PUBLIC', '555-0139', 'NRA098765', 'DLN456789', 'ATF901234'),
(21, 'Lance Taylor', 'PUBLIC', '555-0140', 'NRA210987', 'DLN567890', 'ATF012345'),
(22, 'Megan Carter', 'PUBLIC', '555-0141', 'NRA321098', 'DLN678901', 'ATF123456'),
(23, 'Nathaniel Martinez', 'PUBLIC', '555-0142', 'NRA432109', 'DLN789012', 'ATF234567'),
(24, 'Olivia Brown', 'PUBLIC', '555-0143', 'NRA543210', 'DLN890123', 'ATF345678'),
(25, 'Patrick Wilson', 'PUBLIC', '555-0144', 'NRA654321', 'DLN901234', 'ATF456789'),
(26, 'Quinn Davis', 'PUBLIC', '555-0145', 'NRA765432', 'DLN012345', 'ATF567890'),
(27, 'Riley Adams', 'PUBLIC', '555-0146', 'NRA876543', 'DLN123456', 'ATF678901'),
(28, 'Sophia Roberts', 'PUBLIC', '555-0147', 'NRA987654', 'DLN234567', 'ATF789012'),
(29, 'Thomas Walker', 'PUBLIC', '555-0148', 'NRA098765', 'DLN345678', 'ATF890123'),
(30, 'Ursula Green', 'PUBLIC', '555-0149', 'NRA210987', 'DLN456789', 'ATF901234'),
(31, 'Victor Clark', 'PUBLIC', '555-0150', 'NRA321098', 'DLN567890', 'ATF012345'),
(32, 'Wendy Smith', 'PUBLIC', '555-0151', 'NRA432109', 'DLN678901', 'ATF123456'),
(33, 'Xander Brown', 'PUBLIC', '555-0152', 'NRA543210', 'DLN789012', 'ATF234567'),
(34, 'Yasmine Jones', 'PUBLIC', '555-0153', 'NRA654321', 'DLN890123', 'ATF345678'),
(10, 'Zachary Johnson', 'PUBLIC', '555-0154', 'NRA765432', 'DLN901234', 'ATF456789'),
(11, 'Alice Brown', 'PUBLIC', '555-0155', 'NRA876543', 'DLN012345', 'ATF567890'),
(12, 'Bob Smith', 'PUBLIC', '555-0156', 'NRA987654', 'DLN123456', 'ATF678901'),
(13, 'Catherine Green', 'PUBLIC', '555-0157', 'NRA098765', 'DLN234567', 'ATF789012'),
(14, 'David Wilson', 'PUBLIC', '555-0158', 'NRA210987', 'DLN345678', 'ATF890123'),
(15, 'Emily Martinez', 'PUBLIC', '555-0159', 'NRA321098', 'DLN456789', 'ATF901234'),
(16, 'Franklin Turner', 'PUBLIC', '555-0160', 'NRA432109', 'DLN567890', 'ATF012345'),
(21, 'Grace Moore', 'PUBLIC', '555-0161', 'NRA543210', 'DLN678901', 'ATF123456'),
(22, 'Hannah Lewis', 'PUBLIC', '555-0162', 'NRA654321', 'DLN789012', 'ATF234567'),
(23, 'Isaac Walker', 'PUBLIC', '555-0163', 'NRA765432', 'DLN890123', 'ATF345678'),
(24, 'Jasmine Scott', 'PUBLIC', '555-0164', 'NRA876543', 'DLN901234', 'ATF456789'),
(25, 'Kurtis Adams', 'PUBLIC', '555-0165', 'NRA987654', 'DLN012345', 'ATF567890'),
(26, 'Lydia Clark', 'PUBLIC', '555-0166', 'NRA098765', 'DLN123456', 'ATF678901'),
(27, 'Mason Robinson', 'PUBLIC', '555-0167', 'NRA210987', 'DLN234567', 'ATF789012'),
(28, 'Nina Bell', 'PUBLIC', '555-0168', 'NRA321098', 'DLN345678', 'ATF890123'),
(29, 'Oscar Johnson', 'PUBLIC', '555-0169', 'NRA432109', 'DLN456789', 'ATF901234'),
(30, 'Penny Scott', 'PUBLIC', '555-0170', 'NRA543210', 'DLN567890', 'ATF012345'),
(31, 'Quincy Davis', 'PUBLIC', '555-0171', 'NRA654321', 'DLN678901', 'ATF123456'),
(32, 'Rebecca Lee', 'PUBLIC', '555-0172', 'NRA765432', 'DLN789012', 'ATF234567'),
(33, 'Steve Wilson', 'PUBLIC', '555-0173', 'NRA876543', 'DLN890123', 'ATF345678'),
(34, 'Tina Thompson', 'PUBLIC', '555-0174', 'NRA987654', 'DLN901234', 'ATF456789'),
(10, 'Ulysses Green', 'PUBLIC', '555-0175', 'NRA098765', 'DLN012345', 'ATF567890'),
(11, 'Vera Adams', 'PUBLIC', '555-0176', 'NRA210987', 'DLN123456', 'ATF678901'),
(12, 'Willow Brown', 'PUBLIC', '555-0177', 'NRA321098', 'DLN234567', 'ATF789012'),
(13, 'Xavier King', 'PUBLIC', '555-0178', 'NRA432109', 'DLN345678', 'ATF890123'),
(14, 'Yvonne Roberts', 'PUBLIC', '555-0179', 'NRA543210', 'DLN456789', 'ATF901234'),
(15, 'Zane Lewis', 'PUBLIC', '555-0180', 'NRA654321', 'DLN567890', 'ATF012345'),
(16, 'Anna Walker', 'PUBLIC', '555-0181', 'NRA765432', 'DLN678901', 'ATF123456'),
(23, 'Bradley Carter', 'PUBLIC', '555-0182', 'NRA876543', 'DLN789012', 'ATF234567'),
(24, 'Cassandra Young', 'PUBLIC', '555-0183', 'NRA987654', 'DLN890123', 'ATF345678'),
(25, 'Derek Green', 'PUBLIC', '555-0184', 'NRA098765', 'DLN901234', 'ATF456789'),
(26, 'Eva Scott', 'PUBLIC', '555-0185', 'NRA210987', 'DLN012345', 'ATF567890'),
(27, 'Felix White', 'PUBLIC', '555-0186', 'NRA321098', 'DLN123456', 'ATF678901'),
(28, 'Gina Adams', 'PUBLIC', '555-0187', 'NRA432109', 'DLN234567', 'ATF789012'),
(29, 'Hannah Lewis', 'PUBLIC', '555-0188', 'NRA543210', 'DLN345678', 'ATF890123'),
(30, 'Ian Mitchell', 'PUBLIC', '555-0189', 'NRA654321', 'DLN456789', 'ATF901234'),
(31, 'Jessica Baker', 'PUBLIC', '555-0190', 'NRA765432', 'DLN567890', 'ATF012345'),
(32, 'Kevin Harris', 'PUBLIC', '555-0191', 'NRA876543', 'DLN678901', 'ATF123456'),
(33, 'Laura Robinson', 'PUBLIC', '555-0192', 'NRA987654', 'DLN789012', 'ATF234567'),
(34, 'Megan Scott', 'PUBLIC', '555-0193', 'NRA098765', 'DLN890123', 'ATF345678'),
(10, 'Nathan Green', 'PUBLIC', '555-0194', 'NRA210987', 'DLN901234', 'ATF456789'),
(11, 'Olivia Wright', 'PUBLIC', '555-0195', 'NRA321098', 'DLN012345', 'ATF567890'),
(12, 'Paul Johnson', 'PUBLIC', '555-0196', 'NRA432109', 'DLN123456', 'ATF678901'),
(13, 'Quinn Davis', 'PUBLIC', '555-0197', 'NRA543210', 'DLN234567', 'ATF789012'),
(14, 'Rachel White', 'PUBLIC', '555-0198', 'NRA654321', 'DLN345678', 'ATF890123'),
(15, 'Samuel Moore', 'PUBLIC', '555-0199', 'NRA765432', 'DLN456789', 'ATF901234'),
(16, 'Tina Martinez', 'PUBLIC', '555-0200', 'NRA876543', 'DLN567890', 'ATF012345');

SELECT*FROM PURCHASER;

INSERT INTO SELLER (JURISDICTION_ID, NAME, RELIABILITY) VALUES
(1, 'Armory Supply Co.', 8),
(1, 'Safehouse Arms Ltd.', 7),
(1, 'Liberty Armaments', 9),
(1, 'Vanguard Firearms', 6),
(1, 'Precision Gunworks', 8),
(1, 'Frontline Weapons', 7),
(1, 'Elite Tactical Gear', 9),
(1, 'Secure Arms & Ammo', 6),
(1, 'Patriot Firearms', 8),
(1, 'Ironclad Defense', 7),
(2, 'Silver Star Armory', 9),
(2, 'Steadfast Tactical', 6),
(2, 'Guardian Arms Co.', 8),
(2, 'True Shot Firearms', 7),
(2, 'Redoubt Defense', 9),
(2, 'Sentinel Arms Ltd.', 6),
(2, 'Fortress Firearms', 8),
(2, 'Valor Gunworks', 7),
(2, 'Cavalry Tactical', 9),
(2, 'Ranger Armaments', 6),
(3, 'Precision Arms & Ammo', 8),
(3, 'Bulwark Firearms', 7),
(3, 'Titan Arms Ltd.', 9),
(3, 'Freedom Armory', 6),
(3, 'Knight Defense Co.', 8),
(3, 'Stealth Tactical', 7),
(3, 'Barricade Firearms', 9),
(3, 'Resolute Arms', 6),
(3, 'Sentinel Tactical Gear', 8),
(3, 'Defender Arms Co.', 7),
(4, 'Bravo Tactical', 9),
(4, 'Arsenal Armory', 6),
(4, 'Iron Shield Firearms', 8),
(4, 'Eagle Eye Arms', 7),
(4, 'Liberty Tactical Gear', 9),
(4, 'Fortified Defense', 6),
(4, 'Pinnacle Arms Ltd.', 8),
(4, 'Valor Tactical Gear', 7),
(4, 'Stronghold Firearms', 9),
(4, 'Guardian Tactical', 6),
(5, 'Frontline Armory', 8),
(5, 'Safehouse Tactical', 7),
(5, 'Eagle Arms Ltd.', 9),
(5, 'Silver Shield Firearms', 6),
(5, 'Defender Tactical Gear', 8),
(5, 'Ironclad Armaments', 7),
(5, 'Elite Arms Co.', 9),
(5, 'Redoubt Tactical', 6),
(5, 'True Shot Tactical Gear', 8),
(5, 'Sentinel Defense', 7);

SELECT*FROM SELLER;

INSERT INTO OFFICE (LOCATION_ID, JURISDICTION_ID) VALUES
(1, 1),
(2, 2),
(3, 3),
(4, 4),
(5, 5),
(6, 1),
(7, 2),
(8, 3),
(9, 4),
(10, 5),
(11, 1),
(12, 2),
(13, 3),
(14, 4),
(15, 5),
(16, 1),
(17, 2),
(18, 3),
(19, 4),
(20, 5),
(21, 1),
(22, 2),
(23, 3),
(24, 4),
(25, 5),
(26, 1),
(27, 2),
(28, 3),
(29, 4),
(30, 5),
(31, 1),
(32, 2),
(33, 3),
(34, 4),
(35, 5),
(17, 1),
(18, 2),
(19, 3),
(20, 4),
(21, 5),
(22, 1),
(23, 2),
(24, 3),
(25, 4),
(26, 5),
(27, 1),
(28, 2),
(29, 3),
(30, 4),
(31, 5);

SELECT*FROM OFFICE;

INSERT INTO EMPLOYEE (NAME, SSN, DOB, SALARY, OFFICE_ID, SCHEDULE_ID, JOB_POSITION_ID, LOCATION_ID, JURISDICTION_ID) VALUES
('Vincenzo Testa', '123-45-6789', '1990-01-15', 55000, 1, 1, 1, 1, 1),
('Giovanni Caprice', '987-65-4320', '1985-03-22', 62000, 2, 2, 2, 2, 2),
('Marco hark" Lombardi', '456-78-9123', '1992-07-11', 47000, 3, 3, 3, 3, 3),
('Antonio Romano', '321-54-6789', '1988-05-30', 53000, 4, 4, 4, 4, 4),
('Salvatore Rinaldi', '654-32-1987', '1995-12-20', 48000, 5, 5, 5, 5, 5),
('Alessandro Ferraro', '543-21-8765', '1993-10-05', 60000, 1, 1, 6, 1, 6),
('Giuseppe Moretti', '876-54-3210', '1990-11-15', 56000, 2, 2, 7, 2, 7),
('Rocco Marino', '234-56-7890', '1989-02-28', 61000, 3, 3, 8, 3, 8),
('Fabio lade" Caruso', '789-01-2345', '1994-06-13', 47000, 4, 4, 9, 4, 9),
('Lucia Bianchi', '123-12-3456', '1991-09-22', 49000, 5, 5, 10, 5, 10),
('Domenico Bellini', '567-89-0123', '1987-08-17', 62000, 1, 1, 11, 1, 11),
('Carmela Russo', '901-23-4567', '1990-04-30', 65000, 2, 2, 12, 2, 12),
('Giorgio Santoro', '234-78-9123', '1986-01-19', 47000, 3, 3, 13, 3, 13),
('Anastasia Lombardo', '876-90-1234', '1992-05-15', 52000, 4, 4, 14, 4, 14),
('Nico ox" Martelli', '543-21-0987', '1985-02-20', 59000, 5, 5, 15, 5, 15),
('Giovanna Romano', '432-10-9876', '1994-10-30', 65000, 1, 1, 16, 1, 16),
('Alberto Vito', '321-09-8765', '1990-07-14', 67000, 2, 2, 17, 2, 17),
('Silvia Ferri', '678-90-1234', '1989-12-02', 53000, 3, 3, 18, 3, 18),
('Massimo Grimaldi', '234-56-7890', '1993-11-25', 48000, 4, 4, 19, 4, 19),
('Alessia Romano', '876-54-3210', '1991-03-18', 59000, 5, 5, 20, 5, 20),
('Pietro Russo', '543-21-8765', '1990-01-05', 51000, 1, 1, 21, 1, 21),
('Francesca DAngelo', '654-32-1987', '1995-06-30', 57000, 2, 2, 22, 2, 22),
('Riccardo Moretti', '321-54-6789', '1988-08-15', 45000, 3, 3, 23, 3, 23),
('Giulia Carbone', '456-78-9123', '1992-09-19', 63000, 4, 4, 24, 4, 24),
('Leonardo Vitale', '987-65-4320', '1986-12-10', 50000, 5, 5, 25, 5, 25),
('Bianca Romano', '123-45-6789', '1993-04-21', 62000, 1, 1, 26, 1, 26),
('Nicola Ferraro', '234-56-7890', '1994-10-11', 68000, 2, 2, 27, 2, 27),
('Teresa Conte', '345-67-8901', '1989-07-23', 56000, 3, 3, 28, 3, 28),
('Bruno Mancini', '456-78-9012', '1988-11-30', 64000, 4, 4, 29, 4, 29),
('Elena De Luca', '567-89-0123', '1991-03-15', 55000, 5, 5, 30, 5, 30),
('Alfredo Gallo', '678-90-1234', '1992-02-12', 59000, 1, 1, 31, 1, 31),
('Carlo Esposito', '789-01-2345', '1990-06-14', 57000, 2, 2, 32, 2, 32),
('Sergio Rizzo', '890-12-3456', '1986-09-11', 50000, 3, 3, 33, 3, 33),
('Raffaele Conti', '901-23-4567', '1993-09-23', 65000, 4, 4, 34, 4, 34),
('Natalia Benedetti', '012-34-5678', '1991-01-14', 65000, 5, 5, 35, 5, 35),
('Roberto Silvestri', '123-45-6789', '1994-12-09', 53000, 1, 1, 36, 1, 36),
('Giorgina Salerno', '234-56-7890', '1991-03-22', 58000, 2, 2, 37, 2, 37),
('Domenica Ruggiero', '345-67-8901', '1988-11-05', 60000, 3, 3, 38, 3, 38),
('Emanuele Fiore', '456-78-9012', '1989-07-30', 64000, 4, 4, 39, 4, 39),
('Rosa Valentino', '567-89-0123', '1990-05-15', 62000, 5, 5, 40, 5, 40),
('Lorenzo Amato', '678-90-1234', '1992-02-11', 53000, 1, 1, 41, 1, 41),
('Pia Giordano', '789-01-2345', '1987-04-28', 67000, 2, 2, 42, 2, 42),
('Tomaso Fabiani', '890-12-3456', '1986-06-17', 59000, 3, 3, 43, 3, 43),
('Stefano Romano', '901-23-4567', '1993-09-23', 50000, 4, 4, 44, 4, 44),
('Adele Costa', '012-34-5678', '1991-01-14', 65000, 5, 5, 45, 5, 45);


SELECT*FROM EMPLOYEE;

INSERT INTO PRODUCT_REGULATION (PRODUCT_CATEGORY_ID, REGULATION_ID) VALUES
(1, 1),
(2, 2),
(3, 3),
(4, 4),
(5, 5),
(6, 6),
(7, 7),
(8, 8),
(9, 9),
(10, 10),
(11, 11),
(12, 12),
(13, 13),
(14, 14),
(15, 15),
(16, 16),
(17, 17),
(18, 18),
(19, 19),
(20, 20),
(21, 21),
(22, 22),
(23, 23),
(24, 24),
(25, 25),
(26, 26),
(27, 27),
(28, 28),
(29, 29),
(30, 30),
(31, 31),
(32, 32),
(33, 33),
(34, 34),
(35, 35),
(36, 36),
(37, 37),
(38, 38),
(39, 39),
(40, 40),
(41, 41),
(42, 42),
(43, 43),
(44, 44),
(45, 45),
(3, 2),
(5, 1),
(7, 6),
(9, 3),
(11, 4),
(13, 5),
(15, 6),
(17, 7),
(19, 8),
(21, 9),
(23, 10),
(25, 11),
(27, 12),
(29, 13),
(31, 14),
(33, 15),
(35, 16),
(37, 17),
(39, 18),
(41, 19),
(43, 20),
(4, 3),
(8, 5),
(12, 7),
(16, 9),
(20, 11),
(24, 13),
(28, 15),
(32, 17),
(36, 19),
(40, 21),
(44, 22),
(5, 8),
(6, 9),
(7, 10),
(8, 11),
(9, 12),
(10, 13),
(11, 14),
(12, 15),
(13, 16),
(14, 17),
(15, 18),
(16, 19),
(17, 20),
(18, 21),
(19, 22),
(20, 23),
(21, 24),
(22, 25),
(23, 26),
(24, 27),
(25, 28),
(26, 29),
(27, 30),
(28, 31),
(29, 32),
(30, 33),
(31, 34),
(32, 35),
(33, 36),
(34, 37),
(35, 38),
(36, 39),
(37, 40),
(38, 41),
(39, 42),
(40, 43),
(41, 44),
(42, 45);


SELECT*FROM PRODUCT_REGULATION;

INSERT INTO WAREHOUSE (OFFICE_ID, SIZE_TYPE) VALUES
(1, 'SMALL'),
(2, 'MEDIUM'),
(3, 'BIG'),
(4, 'SMALL'),
(5, 'MEDIUM'),
(6, 'BIG'),
(7, 'SMALL'),
(8, 'MEDIUM'),
(9, 'BIG'),
(10, 'SMALL'),
(11, 'MEDIUM'),
(12, 'BIG'),
(13, 'SMALL'),
(14, 'MEDIUM'),
(15, 'BIG'),
(16, 'SMALL'),
(17, 'MEDIUM'),
(18, 'BIG'),
(19, 'SMALL'),
(20, 'MEDIUM'),
(21, 'BIG'),
(22, 'SMALL'),
(23, 'MEDIUM'),
(24, 'BIG'),
(25, 'SMALL'),
(26, 'MEDIUM'),
(27, 'BIG'),
(28, 'SMALL'),
(29, 'MEDIUM'),
(30, 'BIG'),
(31, 'SMALL'),
(32, 'MEDIUM'),
(33, 'BIG'),
(34, 'SMALL'),
(35, 'MEDIUM'),
(36, 'BIG'),
(37, 'SMALL'),
(38, 'MEDIUM'),
(39, 'BIG'),
(40, 'SMALL'),
(41, 'MEDIUM'),
(42, 'BIG'),
(43, 'SMALL'),
(44, 'MEDIUM'),
(45, 'BIG'),
(1, 'BIG'),
(2, 'SMALL'),
(3, 'MEDIUM'),
(4, 'BIG'),
(5, 'SMALL'),
(6, 'MEDIUM'),
(7, 'BIG'),
(8, 'SMALL'),
(9, 'MEDIUM'),
(10, 'BIG');

SELECT*FROM WAREHOUSE;

INSERT INTO MANAGER (NOTES, EMPLOYEE_ID, AUTHORITY_LEVEL) VALUES
('He picks his nose during meetings.', 1, 'LOW'),
('Always wears mismatched socks.', 2, 'MED'),
('Has a pet goldfish named Mr. Bubbles.', 3, 'HIGH'),
('Talks to plants in the office.', 4, 'LOW'),
('Thinks coffee is a food group.', 5, 'MED'),
('Wears sunglasses indoors.', 6, 'HIGH'),
('Sings in the shower but forgets the lyrics.', 7, 'LOW'),
('Has a secret stash of candy in his desk.', 8, 'MED'),
('Collects rubber ducks for fun.', 9, 'HIGH'),
('Considers "napping" a skill.', 10, 'LOW');

SELECT*FROM MANAGER;

INSERT INTO MANAGEMENT (MANAGER_ID, EMPLOYEE_ID) VALUES
(1, 1),
(1, 2),
(1, 3),
(1, 4),
(1, 5),
(2, 6),
(2, 7),
(2, 8),
(2, 9),
(2, 10),
(3, 11),
(3, 12),
(3, 13),
(3, 14),
(3, 15),
(4, 16),
(4, 17),
(4, 18),
(4, 19),
(4, 20),
(5, 21),
(5, 22),
(5, 23),
(5, 24),
(5, 25),
(6, 26),
(6, 27),
(6, 28),
(6, 29),
(6, 30),
(7, 31),
(7, 32),
(7, 33),
(7, 34),
(7, 35),
(8, 36),
(8, 37),
(8, 38),
(8, 39),
(8, 40),
(9, 41),
(9, 42),
(9, 43),
(9, 44),
(9, 45),
(10, 1),
(10, 2),
(10, 3),
(10, 4),
(10, 5);

SELECT*FROM MANAGEMENT;

INSERT INTO NEGOTIATER (EMPLOYEE_ID, FAVORIBILITY, NOTES) VALUES
(11, 'ALMOST_FIRED', 'Once argued with a vending machine over change.'),
(12, 'BAD', 'Said he could negotiate with a cat, but it just stared at him.'),
(13, 'JUST_OK', 'Negotiated a discount on a pensaved 10 cents.'),
(14, 'GOOD', 'Managed to convince a colleague to bring donuts every Friday.'),
(15, 'EXCELLENT', 'Successfully haggled for a promotion by offering pizza.'),
(16, 'ALMOST_FIRED', 'Tried to negotiate a raise by quoting movie lines.'),
(17, 'BAD', 'Got into a debate with a traffic conelost the argument.'),
(18, 'JUST_OK', 'Persuaded HR to change the office coffee brand.'),
(19, 'GOOD', 'Talked his way into an extra day off for the team.'),
(20, 'EXCELLENT', 'Once negotiated peace between two arguing coworkers with cookies.');

SELECT*FROM NEGOTIATER;

INSERT INTO SALES_CONTRACT (PURCHASER_ID, JURISDICTION_ID, NEGOTIATER_ID, MANAGER_ID, GRAND_TOTAL, DATE) VALUES
(1,     1,      1,      1,      15000, strftime('%s', '2024-01-01')),
(2,     2,      2,      2,      20000, strftime('%s', '2024-01-05')),
(3,     3,      3,      3,      12000, strftime('%s', '2024-01-10')),
(4,     4,      4,      4,      25000, strftime('%s', '2024-01-15')),
(5,     5,      5,      5,      18000, strftime('%s', '2024-01-20')),
(6,     6,      6,      6,      22000, strftime('%s', '2024-01-25')),
(7,     7,      7,      7,      17000, strftime('%s', '2024-01-30')),
(8,     8,      8,      8,      30000, strftime('%s', '2024-02-01')),
(9,     9,      9,      9,      16000, strftime('%s', '2024-02-05')),
(10,    10,     5,      10,     19000, strftime('%s', '2024-02-10')),
(11,    11,     1,      1,      21000, strftime('%s', '2024-02-15')),
(12,    12,     2,      2,      13000, strftime('%s', '2024-02-20')),
(13,    13,     3,      3,      24000, strftime('%s', '2024-02-25')),
(14,    14,     4,      4,      11000, strftime('%s', '2024-03-01')),
(15,    15,     5,      5,      28000, strftime('%s', '2024-03-05')),
(16,    16,     6,      6,      23000, strftime('%s', '2024-03-10')),
(17,    17,     7,      7,      14000, strftime('%s', '2024-03-15')),
(18,    18,     8,      8,      20000, strftime('%s', '2024-03-20')),
(19,    19,     9,      9,      25000, strftime('%s', '2024-03-25')),
(20,    20,     5,      10,     22000, strftime('%s', '2024-03-30'));

SELECT*FROM SALES_CONTRACT;

INSERT INTO ACQUISITION_CONTRACT (PURCHASER_ID, JURISDICTION_ID, NEGOTIATER_ID, MANAGER_ID, GRAND_TOTAL, DATE) VALUES
(1,     1,      1,      1,      15000, strftime('%s', '2023-01-01')),
(2,     2,      2,      2,      20000, strftime('%s', '2023-01-05')),
(3,     3,      3,      3,      12000, strftime('%s', '2023-01-10')),
(4,     4,      4,      4,      25000, strftime('%s', '2023-01-15')),
(5,     5,      5,      5,      18000, strftime('%s', '2023-01-20')),
(6,     6,      6,      6,      22000, strftime('%s', '2023-01-25')),
(7,     7,      7,      7,      17000, strftime('%s', '2023-01-30')),
(8,     8,      8,      8,      30000, strftime('%s', '2023-02-01')),
(9,     9,      9,      9,      16000, strftime('%s', '2023-02-05')),
(10,    10,     10,     5,     19000, strftime('%s', '2023-02-10')),
(11,    11,     1,      1,      21000, strftime('%s', '2023-02-15')),
(12,    12,     2,      2,      13000, strftime('%s', '2023-02-20')),
(13,    13,     3,      3,      24000, strftime('%s', '2023-02-25')),
(14,    14,     4,      4,      11000, strftime('%s', '2023-03-01')),
(15,    15,     5,      5,      28000, strftime('%s', '2023-03-05')),
(16,    16,     6,      6,      23000, strftime('%s', '2023-03-10')),
(17,    17,     7,      7,      14000, strftime('%s', '2023-03-15')),
(18,    18,     8,      8,      20000, strftime('%s', '2023-03-20')),
(19,    19,     9,      9,      25000, strftime('%s', '2023-03-25')),
(20,    20,     10,     5,     22000, strftime('%s', '2023-03-30'));

SELECT*FROM ACQUISITION_CONTRACT;

INSERT INTO PRODUCT (ACQUISITION_CONTRACT_ID, SALES_CONTRACT_ID, WAREHOUSE_ID, PRODUCT_TYPE_ID, SERIAL_NUMBER) VALUES
(1, 1, 1, 1, '1001'),
(2, 2, 2, 2, '1002'),
(3, 3, 3, 3, '1003'),
(4, 4, 4, 4, '1004'),
(5, 5, 5, 5, '1005'),
(6, 6, 6, 6, '1006'),
(7, 7, 7, 7, '1007'),
(8, 8, 8, 8, '1008'),
(9, 9, 9, 9, '1009'),
(10, 10, 10, 10, '1010'),
(11, 11, 11, 11, '1011'),
(12, 12, 12, 12, '1012'),
(13, 13, 13, 13, '1013'),
(14, 14, 14, 14, '1014'),
(15, 15, 15, 15, '1015'),
(16, 16, 16, 16, '1016'),
(17, 17, 17, 17, '1017'),
(18, 18, 18, 18, '1018'),
(19, 19, 19, 19, '1019'),
(20, 20, 20, 20, '1020'),
(1, 1, 21, 21, '1021'),
(2, 2, 22, 22, '1022'),
(3, 3, 23, 23, '1023'),
(4, 4, 24, 24, '1024'),
(5, 5, 25, 25, '1025'),
(6, 6, 1, 26, '1026'),
(7, 7, 2, 27, '1027'),
(8, 8, 3, 28, '1028'),
(9, 9, 4, 29, '1029'),
(10, 10, 5, 30, '1030'),
(11, 11, 6, 31, '1031'),
(12, 12, 7, 32, '1032'),
(13, 13, 8, 33, '1033'),
(14, 14, 9, 34, '1034'),
(15, 15, 10, 35, '1035'),
(16, 16, 11, 36, '1036'),
(17, 17, 12, 37, '1037'),
(18, 18, 13, 38, '1038'),
(19, 19, 14, 39, '1039'),
(20, 20, 15, 40, '1040'),
(1, 1, 16, 1, '1041'),
(2, 2, 17, 2, '1042'),
(3, 3, 18, 3, '1043'),
(4, 4, 19, 4, '1044'),
(5, 5, 20, 5, '1045'),
(6, 6, 21, 6, '1046'),
(7, 7, 22, 7, '1047'),
(8, 8, 23, 8, '1048'),
(9, 9, 24, 9, '1049'),
(10, 10, 25, 10, '1050'),
(11, 11, 1, 11, '1051'),
(12, 12, 2, 12, '1052'),
(13, 13, 3, 13, '1053'),
(14, 14, 4, 14, '1054'),
(15, 15, 5, 15, '1055'),
(16, 16, 6, 16, '1056'),
(17, 17, 7, 17, '1057'),
(18, 18, 8, 18, '1058'),
(19, 19, 9, 19, '1059'),
(20, 20, 10, 20, '1060'),
(1, 1, 11, 21, '1061'),
(2, 2, 12, 22, '1062'),
(3, 3, 13, 23, '1063'),
(4, 4, 14, 24, '1064'),
(5, 5, 15, 25, '1065'),
(6, 6, 16, 26, '1066'),
(7, 7, 17, 27, '1067'),
(8, 8, 18, 28, '1068'),
(9, 9, 19, 29, '1069'),
(10, 10, 20, 30, '1070'),
(11, 11, 21, 31, '1071'),
(12, 12, 22, 32, '1072'),
(13, 13, 23, 33, '1073'),
(14, 14, 24, 34, '1074'),
(15, 15, 25, 35, '1075'),
(16, 16, 1, 36, '1076'),
(17, 17, 2, 37, '1077'),
(18, 18, 3, 38, '1078'),
(19, 19, 4, 39, '1079'),
(20, 20, 5, 40, '1080');

SELECT*FROM PRODUCT;

INSERT INTO TRANSFER (WAREHOUSE_ORIGIN_ID, WAREHOUSE_DESTINATION_ID, PRODUCT_ID, MANAGER_ID, DATE) VALUES
(1, 2, 1, 1, CAST (strftime('%s', '2024-01-01') AS INTEGER)), 
(2, 3, 2, 2, CAST (strftime('%s', '2024-01-05') AS INTEGER)),
(3, 4, 3, 3, CAST (strftime('%s', '2024-01-10') AS INTEGER)),
(4, 5, 4, 4, CAST (strftime('%s', '2024-01-15') AS INTEGER)),
(5, 6, 5, 5, CAST (strftime('%s', '2024-01-20') AS INTEGER)),
(6, 7, 6, 6, CAST (strftime('%s', '2024-01-25') AS INTEGER)),
(7, 8, 7, 7, CAST (strftime('%s', '2024-01-30') AS INTEGER)),
(8, 9, 8, 8, CAST (strftime('%s', '2024-02-01') AS INTEGER)),
(9, 10, 9, 9, CAST (strftime('%s', '2024-02-05') AS INTEGER)),
(10, 11, 10, 10, CAST (strftime('%s', '2024-02-10') AS INTEGER)),
(11, 12, 11, 1, CAST (strftime('%s', '2024-02-15') AS INTEGER)),
(12, 13, 12, 2, CAST (strftime('%s', '2024-02-20') AS INTEGER)),
(13, 14, 13, 3, CAST (strftime('%s', '2024-02-25') AS INTEGER)),
(14, 15, 14, 4, CAST (strftime('%s', '2024-03-01') AS INTEGER)),
(15, 16, 15, 5, CAST (strftime('%s', '2024-03-05') AS INTEGER)),
(16, 17, 16, 6, CAST (strftime('%s', '2024-03-10') AS INTEGER)),
(17, 18, 17, 7, CAST (strftime('%s', '2024-03-15') AS INTEGER)),
(18, 19, 18, 8, CAST (strftime('%s', '2024-03-20') AS INTEGER)),
(19, 20, 19, 9, CAST (strftime('%s', '2024-03-25') AS INTEGER)),
(20, 21, 20, 10, CAST (strftime('%s', '2024-03-30') AS INTEGER)),
(21, 22, 21, 1, CAST (strftime('%s', '2024-01-01') AS INTEGER)),
(22, 23, 22, 2, CAST (strftime('%s', '2024-01-05') AS INTEGER)),
(23, 24, 23, 3, CAST (strftime('%s', '2024-01-10') AS INTEGER)),
(24, 25, 24, 4, CAST (strftime('%s', '2024-01-15') AS INTEGER)),
(25, 1, 25, 5, CAST (strftime('%s', '2024-01-20') AS INTEGER)),
(1, 3, 26, 6, CAST (strftime('%s', '2024-01-25') AS INTEGER)),
(2, 4, 27, 7, CAST (strftime('%s', '2024-01-30') AS INTEGER)),
(3, 5, 28, 8, CAST (strftime('%s', '2024-02-01') AS INTEGER)),
(4, 6, 29, 9, CAST (strftime('%s', '2024-02-05') AS INTEGER)),
(5, 7, 30, 10, CAST (strftime('%s', '2024-02-10') AS INTEGER)),
(6, 8, 31, 1, CAST (strftime('%s', '2024-02-15') AS INTEGER)),
(7, 9, 32, 2, CAST (strftime('%s', '2024-02-20') AS INTEGER)),
(8, 10, 33, 3, CAST (strftime('%s', '2024-02-25') AS INTEGER)),
(9, 11, 34, 4, CAST (strftime('%s', '2024-03-01') AS INTEGER)),
(10, 12, 35, 5, CAST (strftime('%s', '2024-03-05') AS INTEGER)),
(11, 13, 36, 6, CAST (strftime('%s', '2024-03-10') AS INTEGER)),
(12, 14, 37, 7, CAST (strftime('%s', '2024-03-15') AS INTEGER)),
(13, 15, 38, 8, CAST (strftime('%s', '2024-03-20') AS INTEGER)),
(14, 16, 39, 9, CAST (strftime('%s', '2024-03-25') AS INTEGER)),
(15, 17, 40, 10, CAST (strftime('%s', '2024-03-30') AS INTEGER));

SELECT*FROM TRANSFER;

INSERT INTO PRODUCT_CAPACITY (WAREHOUSE_ID, PRODUCT_TYPE_ID) VALUES
(1, 1),
(1, 2),
(1, 3),
(2, 4),
(2, 5),
(2, 6),
(3, 7),
(3, 8),
(3, 9),
(4, 10),
(4, 11),
(4, 12),
(5, 13),
(5, 14),
(5, 15),
(6, 16),
(6, 17),
(6, 18),
(7, 19),
(7, 20),
(7, 21),
(8, 22),
(8, 23),
(8, 24),
(9, 25),
(9, 26),
(9, 27),
(10, 28),
(10, 29),
(10, 30),
(11, 31),
(11, 32),
(11, 33),
(12, 34),
(12, 35),
(12, 36),
(13, 37),
(13, 38),
(13, 39),
(14, 40),
(14, 1),
(14, 2),
(15, 3),
(15, 4),
(15, 5),
(16, 6),
(16, 7),
(16, 8),
(17, 9),
(17, 10),
(17, 11),
(18, 12),
(18, 13),
(18, 14),
(19, 15),
(19, 16),
(19, 17),
(20, 18),
(20, 19),
(20, 20),
(21, 21),
(21, 22),
(21, 23),
(22, 24),
(22, 25),
(22, 26),
(23, 27),
(23, 28),
(23, 29),
(24, 30),
(24, 31),
(24, 32),
(25, 33),
(25, 34),
(25, 35),
(26, 36),
(26, 37),
(26, 38),
(27, 39),
(27, 40),
(27, 1),
(28, 2),
(28, 3),
(28, 4),
(29, 5),
(29, 6),
(29, 7),
(30, 8),
(30, 9),
(30, 10),
(31, 11),
(31, 12),
(31, 13),
(32, 14),
(32, 15),
(32, 16),
(33, 17),
(33, 18),
(33, 19),
(34, 20),
(34, 21),
(34, 22),
(35, 23),
(35, 24),
(35, 25),
(36, 26),
(36, 27),
(36, 28),
(37, 29),
(37, 30),
(37, 31),
(38, 32),
(38, 33),
(38, 34),
(39, 35),
(39, 36),
(39, 37),
(40, 38),
(40, 39),
(40, 40),
(41, 1),
(41, 2),
(41, 3),
(42, 4),
(42, 5),
(42, 6),
(43, 7),
(43, 8),
(43, 9),
(44, 10),
(44, 11),
(44, 12),
(45, 13),
(45, 14),
(45, 15),
(46, 16),
(46, 17),
(46, 18),
(47, 19),
(47, 20),
(47, 21),
(48, 22),
(48, 23),
(48, 24),
(49, 25),
(49, 26),
(49, 27),
(50, 28),
(50, 29),
(50, 30),
(51, 31),
(51, 32),
(51, 33),
(52, 34),
(52, 35),
(52, 36),
(53, 37),
(53, 38),
(53, 39),
(54, 40),
(54, 1),
(54, 2),
(55, 3),
(55, 4),
(55, 5);

SELECT*FROM PRODUCT_CAPACITY;

INSERT INTO PRODUCT_CAPACITY_RESTRICTION (PRODUCT_CAPACITY_ID, MAX_CAPACITY, RESTRICTIONS) VALUES
(1, 100, 'No hazardous materials'),
(2, 200, 'Limited access'),
(3, 150, 'Temperature controlled'),
(4, 300, 'No flammable items'),
(5, 250, 'Staff only'),
(6, 100, 'Weight limit: 500kg'),
(7, 400, 'Insurance required'),
(8, 350, 'Restricted access during hours'),
(9, 450, 'Perishable goods only'),
(10, 50, 'Documentation required'),
(11, 120, 'Must be labeled'),
(12, 180, 'No mixing of products'),
(13, 90, 'Weekly inspections'),
(14, 160, 'Keep away from heat sources'),
(15, 220, 'No open flames'),
(16, 130, 'Regular maintenance checks'),
(17, 200, 'All items must be secured'),
(18, 170, 'No unauthorized personnel'),
(19, 140, 'Protective equipment required'),
(20, 110, 'Limit of 5 items per shipment'),
(21, 300, 'Environmental monitoring required'),
(22, 330, 'No liquids allowed'),
(23, 380, 'Follow safety guidelines'),
(24, 260, 'Periodic audits'),
(25, 190, 'Emergency exits must remain clear'),
(26, 210, 'No heavy machinery'),
(27, 280, 'Items must be stored off the floor'),
(28, 75, 'Ventilation required'),
(29, 95, 'No electrical devices'),
(30, 125, 'Fire extinguisher available'),
(31, 250, 'Height limit: 2 meters'),
(32, 200, 'Items must be tagged'),
(33, 400, 'Weekly safety drills'),
(34, 300, 'First aid kit available'),
(35, 280, 'Restricted use of personal devices'),
(36, 450, 'Regular training sessions'),
(37, 150, 'No food or drink'),
(38, 100, 'Safety glasses required'),
(39, 120, 'Items must be labeled as fragile'),
(40, 300, 'Keep area tidy'),
(41, 250, 'Personal protective equipment required'),
(42, 160, 'Access limited to trained personnel'),
(43, 140, 'Flammable materials must be stored properly'),
(44, 110, 'Must maintain clear aisles'),
(45, 100, 'Regularly scheduled cleanouts'),
(46, 200, 'Notify supervisor of any spills'),
(47, 220, 'Maintain proper humidity levels'),
(48, 180, 'Signage required for emergency procedures'),
(49, 150, 'No stacking above height limit'),
(50, 120, 'Check expiration dates regularly');

SELECT*FROM PRODUCT_CAPACITY_RESTRICTION;

INSERT INTO EMPLOYEE_CHANGE (EMPLOYEE_ID, MANAGER_ID, DATE, KIND) VALUES
(1, 2, CAST (strftime('%s', '2023-01-01') AS INTEGER), 'HIRE'),
(2, 1, CAST (strftime('%s', '2023-02-01') AS INTEGER), 'FIRE'),
(3, 3, CAST (strftime('%s', '2023-03-01') AS INTEGER), 'SUSPEND'),
(4, 4, CAST (strftime('%s', '2023-04-01') AS INTEGER), 'HIRE'),
(5, 5, CAST (strftime('%s', '2023-05-01') AS INTEGER), 'HIRE'),
(6, 6, CAST (strftime('%s', '2023-06-01') AS INTEGER), 'FIRE'),
(7, 7, CAST (strftime('%s', '2023-07-01') AS INTEGER), 'SUSPEND'),
(8, 8, CAST (strftime('%s', '2023-08-01') AS INTEGER), 'HIRE'),
(9, 9, CAST (strftime('%s', '2023-09-01') AS INTEGER), 'FIRE'),
(10, 10, CAST (strftime('%s', '2023-10-01') AS INTEGER), 'HIRE'),
(11, 1, CAST (strftime('%s', '2023-11-01') AS INTEGER), 'SUSPEND'),
(12, 2, CAST (strftime('%s', '2023-12-01') AS INTEGER), 'FIRE'),
(13, 3, CAST (strftime('%s', '2023-01-15') AS INTEGER), 'HIRE'),
(14, 4, CAST (strftime('%s', '2023-02-15') AS INTEGER), 'SUSPEND'),
(15, 5, CAST (strftime('%s', '2023-03-15') AS INTEGER), 'FIRE'),
(16, 6, CAST (strftime('%s', '2023-04-15') AS INTEGER), 'HIRE'),
(17, 7, CAST (strftime('%s', '2023-05-15') AS INTEGER), 'SUSPEND'),
(18, 8, CAST (strftime('%s', '2023-06-15') AS INTEGER), 'FIRE'),
(19, 9, CAST (strftime('%s', '2023-07-15') AS INTEGER), 'HIRE'),
(20, 10, CAST (strftime('%s', '2023-08-15') AS INTEGER), 'SUSPEND'),
(21, 1, CAST (strftime('%s', '2023-09-15') AS INTEGER), 'FIRE'),
(22, 2, CAST (strftime('%s', '2023-10-15') AS INTEGER), 'HIRE'),
(23, 3, CAST (strftime('%s', '2023-11-15') AS INTEGER), 'SUSPEND'),
(24, 4, CAST (strftime('%s', '2023-12-15') AS INTEGER), 'FIRE'),
(25, 5, CAST (strftime('%s', '2023-01-02') AS INTEGER), 'HIRE'),
(26, 6, CAST (strftime('%s', '2023-02-02') AS INTEGER), 'SUSPEND'),
(27, 7, CAST (strftime('%s', '2023-03-02') AS INTEGER), 'FIRE'),
(28, 8, CAST (strftime('%s', '2023-04-02') AS INTEGER), 'HIRE'),
(29, 9, CAST (strftime('%s', '2023-05-02') AS INTEGER), 'SUSPEND'),
(30, 10, CAST (strftime('%s', '2023-06-02') AS INTEGER), 'FIRE'),
(31, 1, CAST (strftime('%s', '2023-07-02') AS INTEGER), 'HIRE'),
(32, 2, CAST (strftime('%s', '2023-08-02') AS INTEGER), 'SUSPEND'),
(33, 3, CAST (strftime('%s', '2023-09-02') AS INTEGER), 'FIRE'),
(34, 4, CAST (strftime('%s', '2023-10-02') AS INTEGER), 'HIRE'),
(35, 5, CAST (strftime('%s', '2023-11-02') AS INTEGER), 'SUSPEND'),
(36, 6, CAST (strftime('%s', '2023-12-02') AS INTEGER), 'FIRE'),
(37, 7, CAST (strftime('%s', '2023-01-03') AS INTEGER), 'HIRE'),
(38, 8, CAST (strftime('%s', '2023-02-03') AS INTEGER), 'SUSPEND'),
(39, 9, CAST (strftime('%s', '2023-03-03') AS INTEGER), 'FIRE'),
(40, 10, CAST (strftime('%s', '2023-04-03') AS INTEGER), 'HIRE');

SELECT*FROM EMPLOYEE_CHANGE;

COMMIT;
)"